id,location,longtitude,latitude,route,area
221674386,Tula_Russia,54.1839,37.5974,улица Первомайская,Советский район
277658809,Тульский_кремль,54.1952705901,37.6199338032,Менделеевская улица,Центральный район
2813155,ЦПКиО_им_Белоусова,54.1813728371,37.5906670337,Первомайская улица,Советский район
498397486,г_Тула,54.1922748175,37.6171886848,улица Советская,Центральный район
441651830,Город_Тула,54.2098563554,37.6208763602,улица Октябрьская,Зареченский район
1031001194,Трц_макси,54.1922819673,37.6391785811,Пролетарская набережная,Пролетарский район
1210536975718297,Искра_Новое_городское_пространство,54.1986379338,37.6119410992,улица Советская,Центральный район
477460967,Пряности_И_Радости_Тула,54.2030567326,37.6180591792,улица Октябрьская,Зареченский район
224188337,Центральный_Парк_Г_Тулы,54.1759359,37.5965288,проспект Ленина,Советский район
267501321,Arsenal_Stadium_Tula_,54.174167,37.603056,проспект Ленина,Центральный район
419438004,Клуб_Ресторан_Пряник,54.1923330896,37.619159714,улица Советская,Центральный район
500699439,Тула_Центральный_Парк_Имени_Белоусова,54.1837567869,37.6073286906,улица Льва Толстого,Центральный район
993325342,Тульский_государственный_музей_оружия,54.1951111111,37.6211666667,Менделеевская улица,Центральный район
217270037,Площадь_Ленина_г_Тула,54.1932432647,37.6182402748,Менделеевская улица,Центральный район
12991427,ТРЦ_Гостиный_Двор,54.19215,37.61799,улица Советская,Центральный район
757041318,Тульский_Кремль,54.19262,37.62177,Менделеевская улица,Центральный район
419405540,SK_Royal_Hotel_Tula,54.19385,37.61288,улица Советская,Центральный район
14966070,Ресторан_пивоварня_Пётр_Петрович,54.1846916875,37.5935774036,улица Первомайская,Советский район
499204277,Г_Тула_Ул_Пузакова,54.21493842,37.605990565,улица М Горького,Зареченский район
211583862700207,ТРЦ_Гостиный_Двор,54.19215,37.61799,улица Советская,Центральный район
269145094,Музей_Оружия_Октябрьская_Ул_Тула,54.2042199843,37.6165405297,улица Октябрьская,Зареченский район
345786232844161,Тула_Россия,54.1988951932,37.6027918381,улица Лейтейзена,Советский район
458966097819396,Площадь_Ленина_Тула_Россия,54.19298,37.6179,Менделеевская улица,Центральный район
520498946,Тула_Город_Герой,54.2169318349,37.6242434699,улица Октябрьская,Зареченский район
1026375152,Tula_Kremlin,54.1952777778,37.62,Менделеевская улица,Центральный район
1032671040,Тула_Красноармейский,54.19761,37.60264,Красноармейский проспект,Советский район
442646388,Ресторан_Респект,54.19929,37.61409,улица Советская,Центральный район
825509993,Ресторан_Гости,54.191608858,37.601578738,улица Лейтейзена,Советский район
408097642,Stechkin_Bar,54.1759669307,37.599311475,проспект Ленина,Центральный район
1145998,Тульский_Кремль,54.1938994664,37.6172989594,проспект Ленина,Центральный район
3431880,ТЦ_РИО,54.1994097604,37.6364447184,улица Пролетарская,Пролетарский район
507420720,Городской_Концертный,54.199973326,37.6128759721,улица Советская,Советский район
1784894085135393,Ликёрка_Лофт,54.17542,37.59886,проспект Ленина,Центральный район
675700185,Тульский_академический_театр_драмы,54.18844,37.6097899,проспект Ленина,Советский район
1019212470,Harats_Pub_Тула,54.19736,37.59362,Красноармейский проспект,Советский район
874917102670503,Тульский_Государственный_Цирк,54.18961,37.62621,улица Советская,Центральный район
270017957,Центральный_парк_им_Белоусова,54.18218517,37.5916829148,Первомайская улица,Советский район
567001126,Москва_Парк_Сокольники,54.18642106,37.5924360017,улица Фрунзе,Советский район
974713077,Ресторан_Public,54.19237,37.59968,улица Демонстрации,Советский район
9275473,Мята_Еда_И_Танцы,54.1898951777,37.6101930483,улица Каминского,Советский район
1034951163,Великий_Гэтсби_бар_караоке,54.19094,37.61907,Тургеневская улица,Центральный район
521496795,Ресторанный_комплекс_Forest,54.18504,37.62704,улица Староникитская,Центральный район
108536019865142,Барвиха_Lounge_Тула,54.17518,37.5985299,проспект Ленина,Центральный район
886341352,Мята_Lounge_Кальянная,54.1886643919,37.6121062796,проспект Ленина,Советский район
2003489433219119,Творческий_индустриальный_кластер_Октава_,54.19073,37.61163,улица Каминского,Советский район
1192650434169610,МаМа_МИА,54.19719,37.59571,Красноармейский проспект,Советский район
415329476,Парк_Культуры_Имени_Белоусова,54.1798776923,37.5911341687,None,Советский район
1002161416,Дом_15,54.19135,37.61319,улица Каминского,Советский район
498895702,Пивоварня_Августин,54.17883224,37.598346052,улица Жаворонкова,Советский район
506131477,LoftHall,54.17542,37.59886,проспект Ленина,Центральный район
759874233,Другое_дело,54.1918114644,37.6189577288,улица Советская,Центральный район
362990657158286,MR_CUP_на_Советской,54.19257,37.61471,улица Советская,Советский район
1020726552,Гастрономический_паб_Правда,54.19726,37.60374,Красноармейский проспект,Советский район
1015293862,Ресторан_Большой_Кремлевский,54.1960207081,37.6196980476,Менделеевская улица,Центральный район
498417236,ТЦ_Сарафан,54.1976277,37.5818243,улица Путейская,Привокзальный район
140297016742497,Ликерка,54.17518,37.59853,проспект Ленина,Центральный район
13853079,Fusion,54.1902939494,37.6122143924,Центральный переулок,Советский район
498130293,Реалити_квест_ВЫХОД_Тула,54.19745,37.58338,улица Дмитрия Ульянова,Привокзальный район
498485210,Музей_Тульский_Кремль,54.1950998067,37.619903358,Менделеевская улица,Центральный район
61168164,Киносити,54.1919962393,37.618553091,улица Советская,Центральный район
1014290090,Ледовая_арена_Тропик,54.1708875802,37.6156210375,улица Демьянова,Центральный район
404956365,Тульская_Филармония,54.185671371,37.6098608303,проспект Ленина,Центральный район
1020470175,ТРЦ_РИО,54.1993157494,37.6365637779,улица Пролетарская,Пролетарский район
1032258417,Тула_Пролетарская_Улица_2_Трц_макси,54.19256,37.6327,улица река Люксембург,Пролетарский район
693888910,Ресторан_Сударь_Тула,54.2061755084,37.61630317,Демидовская улица,Зареченский район
266438700673282,Тула_Кремль,54.192531,37.62322,Менделеевская улица,Центральный район
354470995,Клуб_Облака,54.1906980221,37.6185578995,Тургеневская улица,Центральный район
963002751,Дворец_Культуры_Железнодорожников,54.19128,37.58251,улица Демонстрации,Привокзальный район
229223789,Тула_Ясная_Поляна,54.1978680633,37.5932089233,Красноармейский проспект,Советский район
293685838,Гостиница_Армения_Тула,54.1924991212,37.6179273911,улица Советская,Центральный район
114905715708373,Башня_ресторан_пивоварня,54.1975835318,37.6023817062,Красноармейский проспект,Советский район
501409582,Кофе_Культ,54.182379581,37.6051497459,проспект Ленина,Советский район
475016809,Гостиный_Двор,54.17163593,37.59873089,улица Академика Обручева,Центральный район
409057227,Городской_Кремлевский_Сад_Тула,54.1944621423,37.6192201292,Менделеевская улица,Центральный район
662779810,Тула_Ул_фрунзе,54.2008213267,37.5856491834,улица Федора Смирнова,Советский район
453689454,МАРК_и_ЛЕВ,54.2,37.6167,улица Металлистов,Центральный район
5887576,Премьер,54.1768315837,37.5942810595,улица Ф. Энгельса,Советский район
6400016,Правительство_Тульской_Области,54.1930244,37.6170815,площадь Ленина,Центральный район
510587853,Музей_Самоваров,54.1945017625,37.6189577579,Менделеевская улица,Центральный район
1007438564,Тула,54.1979485,37.6088409,улица Сойфера,Советский район
164829820916060,ТЕМА_Eat_Drink_Dance,54.1903149582,37.6148915291,проспект Ленина,Центральный район
1786436491591989,Кофе_Культ_на_Красноармейском,54.19637,37.60386,Красноармейский проспект,Советский район
12290979,Тульский_Государственный_Музей_Оружия,54.2042373529,37.6169173848,улица Октябрьская,Зареченский район
1018604961,The_TRUMP,54.1836014,37.5714684,улица Радищева,Советский район
465737099,Дворянское_Собрание,54.1853758878,37.6081956244,проспект Ленина,Советский район
954694051,Кинотеатр_Октябрь_Тула,54.19761,37.60264,Красноармейский проспект,Советский район
865900383,Россия,54.17309828,37.5878214334,улица Оружейная,Советский район
500672092,Г_Тула_Ул_Марата,54.19741253,37.64295218,улица Епифанская,Пролетарский район
716878733,Арсенал_стадион_Тула_,54.1746681428,37.6024714305,проспект Ленина,Центральный район
305154940297508,Казанская_Набережная,54.196117,37.62291,None,Центральный район
501622326,Спортклуб_Властелин,54.2012305251,37.5964756898,улица Коминтерна,Советский район
1783567785263584,Drova,54.19994,37.63624,улица Пролетарская,Пролетарский район
363819577324424,Синема_Парк_Макси_Тула,54.1933447716,37.6360778363,улица Пролетарская,Пролетарский район
224195511,Ресторан_Славянский,54.18504,37.62704,улица Староникитская,Центральный район
1018930516,Ворота_Солнца_Бар_и_Еда_,54.1758242126,37.6001501083,проспект Ленина,Центральный район
410333976,Пряник,54.19215,37.61799,улица Советская,Центральный район
139218726571987,GRP_Sweet_Concept_Store,54.1753971986,37.5992274284,проспект Ленина,Центральный район
12465415,ТЦ_Тройка,54.1919939127,37.6142471284,улица Советская,Советский район
264189824,Hardy_Bar,54.1772829932,37.6007053104,проспект Ленина,Центральный район
270018696776398,Типография,54.17519,37.59206,улица Ф. Энгельса,Советский район
1053106324868428,Yasnaya_Polyana,54.2049951562,37.618432045,улица Октябрьская,Зареченский район
199255230685100,Культура,54.1985124111,37.6124989986,улица Советская,Центральный район
3742528,Тц_утюг,54.19269316,37.61253715,улица Демонстрации,Советский район
331825643831247,Спортзал_Хулиган,54.17985,37.60384,проспект Ленина,Центральный район
52081627,Тульский_Цирк,54.1897562671,37.6259583235,улица Советская,Центральный район
501942292,Спортивный_Клуб_Олимп,54.1958143002,37.6034872951,Красноармейский проспект,Советский район
888309434,Free_Form_White_Loft,54.1763117026,37.6002456749,проспект Ленина,Центральный район
943728132,Белоусовский_парк,54.1850395,37.5868301,Первомайская улица,Советский район
648245521991666,ТК_Парадиз,54.19127,37.6162599,проспект Ленина,Центральный район
1288888677871999,Vesna_Бар_Ресторан_GinzaProject,54.20255,37.6233,улица Галкина,Зареченский район
61736943,Тарелка,54.1917703361,37.6191448666,Тургеневская улица,Центральный район
1021565670,Кофейня_Сова,54.19694,37.60469,Красноармейский проспект,Советский район
584846024,Mamamia,54.1973262258,37.5958024172,Красноармейский проспект,Советский район
488755790,Фотостудия_Библиотека,54.20947,37.61689,Демидовская улица,Зареченский район
1809661172584333,Тула_Советская,54.19139,37.61957,улица Советская,Центральный район
1779397385435440,WELL_WELL_WELL_kitchen_wine_bar,54.1763014584,37.6004719734,проспект Ленина,Центральный район
478802088,Городской_Концертный_зал,54.20025,37.61215,улица Советская,Советский район
224040495,Г_Тула_Кремль,54.1938994664,37.6172989594,проспект Ленина,Центральный район
1063270207113841,Тула_Платоновский_Парк,54.1735248,37.5875865,улица Оружейная,Советский район
501516836,Парк_Им_Белоусова,54.19736031,37.60286664,Красноармейский проспект,Советский район
349774378735026,MR_CUP_на_Советской,54.19257,37.61471,улица Советская,Советский район
852291521647564,Likerka_Loft,54.1802814154,37.6047565732,улица Первомайская,Центральный район
748854044,Глобус_в_Туле,54.1716095327,37.59874056,улица Академика Обручева,Центральный район
112158849409473,Rob_Roy_Bar_Tula,54.17481,37.59832,проспект Ленина,Центральный район
410443554,Ingate_New_Office,54.1899101701,37.6189957476,улица Жуковского,Центральный район
498699351,Дк_Машзавод,54.20947,37.61689,Демидовская улица,Зареченский район
577037176,Хомяково,54.1716114901,37.5986862501,улица Академика Обручева,Центральный район
4507579,Чайхона_Изюм,54.18872,37.61219,проспект Ленина,Советский район
577062524,Check_In_BAR,54.19385,37.6128799,улица Советская,Центральный район
1029714272,Мама_Мия_Тула,54.2064669214,37.6191981414,улица Октябрьская,Зареченский район
213565581,Тульский_государственный_музей_оружия,54.2040503001,37.6162037886,Оружейный переулок,Зареченский район
1022853525,Хинкальная_Генацвале,54.1965923012,37.6046877545,Красноармейский проспект,Советский район
522427264,Октава,54.19113617,37.61098503,улица Ф. Энгельса,Советский район
229179796,Кафе_Город,54.19616,37.60775,Красноармейский проспект,Советский район
730012913859068,Кластер_Октава,54.19073,37.61163,улица Каминского,Советский район
1250891798344248,Тульский_Государственный_Цирк,54.18961,37.62621,улица Советская,Центральный район
182053572318216,Shuzetta,54.19821,37.58157,улица Путейская,Привокзальный район
904029221,Ресторанный_Комплекс_этажи,54.1993,37.63905,улица Чапаева,Пролетарский район
255538735190032,WhatElse_,54.1980730789,37.6123595238,улица Советская,Центральный район
466933455,Тула_Парк_Белоусова,54.1811249732,37.58352343,None,Советский район
221196876,Башня,54.1971702576,37.6026344299,Красноармейский проспект,Советский район
1605341046207440,Тульская_областная_филармония,54.18569,37.60996,проспект Ленина,Центральный район
7536875,Beerlin,54.196294035,37.61001461,Красноармейский проспект,Советский район
410607231,Ресторан_Пивоварня_башня,54.1974713607,37.6021714881,Красноармейский проспект,Советский район
29975756,Зареченский_Мост,54.2018917543,37.6167665427,улица Октябрьская,Центральный район
1331811196849601,Ликерка_Лофт,54.17684,37.60023,проспект Ленина,Центральный район
11694065,Музей_Оружия,54.1951652643,37.6217553847,Менделеевская улица,Центральный район
415211357,Беверли_Хиллз,54.19215,37.61799,улица Советская,Центральный район
184381218690245,На_набережной,54.20334,37.61958,улица Октябрьская,Зареченский район
1019083005,Ресторан_Старый_Город,54.1875687,37.6098785,улица Пушкинская,Советский район
1077970855659246,Бургерная_Карл_Маркс_Тула,54.1887667,37.6124755,проспект Ленина,Центральный район
804679693,Тула_Дворянское_Собрание,54.18837323,37.61519948,Тургеневская улица,Центральный район
2845225,Ресторан_Респект,54.199765855,37.6140364436,улица Советская,Центральный район
1891056964465321,Кофе_Культ_на_пр_Ленина,54.18267,37.60479,проспект Ленина,Советский район
439604722,Томато,54.1917824508,37.6175639993,улица Советская,Центральный район
970621,Суши_Хаус,54.1971177422,37.6027720259,Красноармейский проспект,Советский район
1033658719,Кремлевский_Сад,54.19412002,37.62327184,переулок Садовый,Центральный район
1521384044651726,Drova,54.19994,37.63624,улица Пролетарская,Пролетарский район
853791679,Вдуше,54.19435,37.61383,улица Революции,Центральный район
441749466242135,Семейно_развлекательный_центр_ВКубе,54.1749984388,37.592677474,улица Ф. Энгельса,Советский район
155369921719144,Пельменная_Лепим_и_варим_Тула,54.19273,37.61415,улица Советская,Советский район
1340336102729442,Mama_Mia_tula,54.20659,37.61881,улица Октябрьская,Зареченский район
150467162385855,Тройка_Фитнес,54.19135,37.61319,улица Каминского,Советский район
1752027461721326,Losk_студия_красоты_волос,54.19912,37.61331,улица Советская,Центральный район
530409230,ТЦ_на_Хлебной,54.18523,37.6206,площадь Хлебная,Центральный район
293176684,Тульский_Государственный_цирк,54.18961,37.62621,улица Советская,Центральный район
4941100,Музей_Тульский_пряник,54.2116076053,37.6218133703,улица Октябрьская,Зареченский район
221155454990006,Дом_15,54.19135,37.61319,улица Каминского,Советский район
1017716862,Ледовая_Арена,54.17091827,37.61567841,улица Демьянова,Центральный район
498474547,Тульский_областной_художественный_музей_The_Tula_Museum_of_Fine_Arts,54.1777142248,37.5947577051,улица Ф. Энгельса,Советский район
588497864,Chop_Chop,54.17542,37.59886,проспект Ленина,Центральный район
1422195507850514,Matr_shka_Shop_beauty_Studio,54.1752982713,37.5993008419,проспект Ленина,Центральный район
1026931096,Фитнес_центр_Гоголь,54.18583,37.60783,Гоголевская улица,Советский район
1743815479218225,Forsd_room,54.1890092413,37.6275515556,улица Пионерская,Центральный район
549978426,Галерея_Ясная_Поляна,54.20609,37.6186999,улица Октябрьская,Зареченский район
6927263,Тульский_Академический_Театр_Драмы,54.1885705864,37.6088923735,улица Пушкинская,Советский район
18192385,Славянский,54.1848710809,37.6272953084,улица Староникитская,Центральный район
509404737,Мёд,54.19939,37.6406,улица Чапаева,Пролетарский район
19581357,Vlastelin_Fitness,54.1917343005,37.6137936105,Центральный переулок,Советский район
6384079,Казанова,54.20296816,37.64203245,улица Ложевая,Пролетарский район
1025504710,Финансовый_университет_при_Правительстве_РФ_ТФ_бывш_ВЗФЭИ_,54.17251,37.58714,улица Оружейная,Советский район
132131884177159,Парк_отель_Золотой_осётр,54.2,37.6167,улица Металлистов,Центральный район
2018322991734766,Вформе_Тула,54.19281,37.60479,улица Демонстрации,Советский район
1032438508,Барабан,54.18993,37.61457,проспект Ленина,Центральный район
468016875,МакДональдс_Тула,54.19215,37.61799,улица Советская,Центральный район
1018714277,Old_Boy_Bar,54.176094108,37.5996107635,проспект Ленина,Центральный район
479965142468844,La_Bulka,54.19188,37.61106,улица Ф. Энгельса,Советский район
446843917,Епифань,54.19408,37.61874,Менделеевская улица,Центральный район
697392918,Райское_Местечко,54.1954725838,37.6014437369,улица Лейтейзена,Советский район
2944863,Театральный_Сквер,54.18841,37.6113799,проспект Ленина,Советский район
692885848,Река_Упа,54.2041453,37.6190424,улица Октябрьская,Зареченский район
1833707493515485,ТутБатут,54.17207,37.60248,проспект Ленина,Центральный район
43498674,Драмтеатр,54.19426829,37.63144055,улица Советская,Пролетарский район
143739636095929,Все_Сумки,54.1887667,37.6124755,проспект Ленина,Центральный район
561780382,Центр_ментального_фитнеса_Татьяны_Поповой,54.1872985643,37.6099562645,Пушкинский проезд,Советский район
833246794,Estadio_Arsenal,54.174167,37.603056,проспект Ленина,Центральный район
1090619164426763,Школа_Студия_L_beauty,54.2071166069,37.619447014,улица Октябрьская,Зареченский район
1021616627,Cafe_De_France,54.19215,37.61799,улица Советская,Центральный район
234430377000121,Nail_and_brow_studio_Gelato,54.19135,37.61319,улица Каминского,Советский район
561913337328443,Салоны_красоты_Хамелеон,54.1756169858,37.5988948345,проспект Ленина,Центральный район
638503799,DENNY_ROSE_Тула,54.19531,37.61053,Красноармейский проспект,Советский район
501635698,ФС_Олимп,54.19619,37.60488,Красноармейский проспект,Советский район
39477592,Мята,54.1912367349,37.6134620838,улица Каминского,Советский район
20840273,Бассейн_Арсенал,54.172116,37.602626,проспект Ленина,Центральный район
683170608451843,Мегаполис,54.19619,37.60488,Красноармейский проспект,Советский район
900501670107210,Burger_Heroes,54.19273,37.61415,улица Советская,Советский район
1022297805,ТИАМ_Тульский_историко_архитектурный_музей,54.189975978,37.6144838333,проспект Ленина,Центральный район
609091879,Bombay,54.1992989,37.6390495,улица Чапаева,Пролетарский район
271398003220432,Дом_Дворянского_Собрания,54.18542,37.60851,проспект Ленина,Советский район
117381982248783,Ingate_Home,54.1881126,37.607419,улица Ф. Энгельса,Советский район
1027413876,Другое_Дело,54.1917922086,37.618914891,улица Советская,Центральный район
1225141420864933,PROFI_Все_для_ногтевого_сервиса_,54.19611,37.58525,улица Дмитрия Ульянова,Советский район
619011204,Дом,54.19319058,37.58792775,улица Революции,Советский район
1029026913,Тульский_Колледж_Искусств_им_АС_Даргомыжского,54.17484,37.59053,улица Ф. Энгельса,Советский район
1024015383,ДКЖ_кино,54.19128,37.58251,улица Демонстрации,Привокзальный район
1100165243435146,Бутик_отель_Тургеневъ,54.19009,37.61873,улица Жуковского,Центральный район
1032891676,Баба_Маня,54.19266,37.61019,улица Демонстрации,Советский район
445592640,Куршавель_Ресторан,54.2047720292,37.6202083406,улица Октябрьская,Зареченский район
14712912,Тульский_Экзотариум,54.2083965915,37.6198427291,улица Октябрьская,Зареченский район
275652299,Killfish_Tula,54.1901889151,37.6216554091,улица Советская,Центральный район
945111162,Траттория_Папарацци,54.19799,37.59328,Красноармейский проспект,Советский район
428219519,Sport_Energy,54.20084234,37.59207721,улица Фрунзе,Советский район
1588507451250554,СРЕДА_SREDA_Ресторан_и_Бар,54.1939494048,37.6137650013,улица Советская,Центральный район
499125814,Октябрьский,54.2142353,37.622963,улица Октябрьская,Зареченский район
1029114147,Академия_Александра_Островского_Тула,54.20887,37.60206,улица Луначарского,Зареченский район
959589510,Atelier_des_Parfums,54.18879,37.58523,улица Первомайская,Советский район
612696402,ЦСКО,54.2006,37.59428,улица Коминтерна,Советский район
241866733092323,Джунгли_Парк,54.1977969249,37.581782341,улица Путейская,Привокзальный район
483353504,Стечкин,54.1759629819,37.5991309911,проспект Ленина,Центральный район
8128299,Ресторанный_Дом_Флер,54.1788508699,37.5983353958,улица Жаворонкова,Советский район
1027422169,Пряник,54.19953,37.61477,улица Металлистов,Центральный район
967151866,Философия_AS_Галерея_моды,54.19452,37.60246,улица Лейтейзена,Советский район
216866353,Центральный_Стадион_Арсенал,54.1742504715,37.6033246,проспект Ленина,Центральный район
298849310,Успенский_Собор_Г_тула,54.19300129,37.61907106,Менделеевская улица,Центральный район
1025200004,Экзотариум_тула,54.208442688,37.6195869446,улица Октябрьская,Зареченский район
498413499,ТЦ_Тройка_Посад,54.19105,37.61318,Центральный переулок,Советский район
409340306,Ресторан_Public,54.19237,37.59968,улица Демонстрации,Советский район
6000454,Ресторан_Сковорода,54.18381,37.60777,проспект Ленина,Центральный район
460268128,Оружейный_Музей,54.20374017,37.61617411,Оружейный переулок,Зареченский район
836323583138460,PRIDE,54.19127,37.6162599,проспект Ленина,Центральный район
3930004,In_Friday_We_Trust,54.183531995,37.606295255,проспект Ленина,Советский район
321533358296034,Томато_Ресторан_Пиццерия,54.18222,37.60483,проспект Ленина,Советский район
320136951681538,Clever_bar_tula,54.19073,37.61163,улица Каминского,Советский район
218777451,Моу_Лицей_2_Тула,54.20848,37.62248,улица Галкина,Зареченский район
554270793,Оружейная_Палата,55.75126748,37.6126001249,Манежная улица,Тверской район
715418937,Кирова,54.1982757,37.6452661,улица Кирова,Пролетарский район
370302690467832,Гриль_бар_Дрова,54.199889,37.636147,улица Пролетарская,Пролетарский район
2212402352365375,Диалектика,54.1926124176,37.614376545,улица Советская,Советский район
636345730,ЧУ_ПО_Юридический_полицейский_колледж,54.1866989,37.60989,проспект Ленина,Советский район
416538837,Тульский_музей_Изобразительных_Искусств,54.1778794669,37.5949180245,улица Ф. Энгельса,Советский район
646094478920622,Likerka_Loft,54.1754223172,37.5987902284,проспект Ленина,Центральный район
5777711,Mesto,54.1834772642,37.6061869666,проспект Ленина,Советский район
177763035982724,Wedding_Event_Bureau_by_Maria_Bruhanova,54.1818479,37.602435,улица Первомайская,Советский район
521165220,TOPGUN_Barbershop,54.175892468,37.599031982,проспект Ленина,Центральный район
593764736,Старая_Тульская_аптека,54.19009874,37.6142356667,проспект Ленина,Центральный район
468482096860901,HookahPlace_Tula,54.1822773,37.6058111,проспект Ленина,Центральный район
5820724,Мачо,54.1767895195,37.5945000594,улица Ф. Энгельса,Советский район
1031627056,Sk_Royal_Spa,54.1937872901,37.6139116067,улица Советская,Центральный район
503058465,Школа_71,54.2139433092,37.6284256205,улица Максимовского,Зареченский район
129072581120828,Слетай_ru_Tula_Likerka_Loft_,54.17542,37.59886,проспект Ленина,Центральный район
1020968193,Туристическое_агентство_Паспорт,54.1892,37.61105,улица Каминского,Советский район
3077518,Советский_Спорт,54.1837144725,37.60740422,улица Льва Толстого,Центральный район
301612880341209,Понеслось,54.1918,37.61559,проспект Ленина,Центральный район
789527924,Студия_флористического_дизайна_Цветочный_стиль,54.1739876534,37.5802027,улица Тульского Рабочего Полка,Советский район
737157460,Сакура_Тула,54.18368,37.60582,улица Льва Толстого,Советский район
1030532610,Дабл_би,54.18903311,37.61222013,проспект Ленина,Советский район
8128299,Ресторанный_Дом_Флер,54.1788508699,37.5983353958,улица Жаворонкова,Советский район
5777711,Mesto,54.1834772642,37.6061869666,проспект Ленина,Советский район
1031262407,Ликерка_Лофт,54.2,37.6166666667,улица Металлистов,Центральный район
6663554,Тульский_Государственный_Цирк,54.1890840512,37.6259511151,улица Староникитская,Центральный район
270041715,Музей_Усадьба_Ясная_Поляна,54.1931531,37.61372998,улица Советская,Советский район
342350319859471,Караоке_Лофт_Люди,54.17542,37.59886,проспект Ленина,Центральный район
500214723,Тульский_Родильный_дом,54.19479,37.61372,улица Революции,Центральный район
405831537,Родина,54.19104,37.61387,проспект Ленина,Советский район
522896528,Курковая,54.2153827273,37.6006854545,улица Курковая,Зареченский район
705949357,_ernovar_Тула,54.1761195225,37.5992763702,проспект Ленина,Центральный район
597216554,Дома_,54.19727493,37.60752081,улица Сойфера,Советский район
861098794017844,Sun_Dali_агентство_путешествий,54.18842,37.613,проспект Ленина,Центральный район
1617651921865206,Кофейня_Кофе_и_Люди,54.18908,37.61166,улица Каминского,Советский район
14738053,Freshcafe,54.1938472186,37.6123999871,улица Советская,Центральный район
1795455184056014,Эклер,54.19094,37.62186,улица Советская,Центральный район
499106548,Оленино_3_СНТ,54.1964738951,37.6046408904,Красноармейский проспект,Советский район
154942338297269,Артрум_Хвощ,54.18342,37.6057,проспект Ленина,Советский район
7699885,Библиотека,54.17367,37.597,проспект Ленина,Центральный район
1388787687857727,Кофе_Культ_Ликёрка,54.17542,37.59886,проспект Ленина,Центральный район
415240934,Парк_им_250_летия_Тоз,54.17661545,37.6141202,улица Тимирязева,Центральный район
1024070826,ТутБатут,54.17207,37.60248,проспект Ленина,Центральный район
1854877011204287,Раковарня_Ивана_Раковара,54.19123,37.59561,улица Демонстрации,Советский район
259632751059380,Выставочный_Зал,54.19794,37.60066,Красноармейский проспект,Советский район
739595432884923,Шумoff_Тула,54.1978722398,37.6385271549,улица Степанова,Пролетарский район
1021727696,Oldboy,54.176208464,37.599932529,проспект Ленина,Центральный район
1022018713,Hookah_Place,54.1830104,37.6065534,проспект Ленина,Центральный район
710447371,ГТРК_Тула,54.19161,37.62498,улица Староникитская,Центральный район
1053664108072166,Спортивно_стрелковый_Клуб_Динамо_г_Тула,54.17667,37.60826,проезд Тимирязева,Центральный район
945151134,Лисья_Нора,54.18292,37.60085,улица Первомайская,Советский район
1024243865,Банкетный_зал_этажи_Тула,54.1993,37.63905,улица Чапаева,Пролетарский район
142492993219935,Geek_Chik_Chik,54.18915,37.60971,улица Ф. Энгельса,Советский район
677285321,Тула_Велотрек,54.17480292,37.6005278,проспект Ленина,Центральный район
277397709379641,Соль,54.18842,37.613,проспект Ленина,Центральный район
507286764,Клиника_В_Н_Комаровой,54.19044377,37.58304567,улица Демонстрации,Привокзальный район
96983980,Savatdi_Spa,54.1946726013,37.6135894005,улица Революции,Центральный район
513528135,Дом,54.1854153792,37.5679738212,улица Серебровская,Привокзальный район
501703803,Holding_Ingate,54.19009,37.61873,улица Жуковского,Центральный район
116743885,Баритон,54.199863435,37.5851630804,улица Федора Смирнова,Советский район
427455297623736,BARY_на_Первомайской,54.18508,37.59493,улица Первомайская,Советский район
2183032335241685,Ресторан_Сударь,54.206074469,37.6162862778,Демидовская улица,Зареченский район
1016247151893499,Budapest_tula,54.1951859226,37.6109862328,Красноармейский проспект,Советский район
116280408418633,Тульский_педагогический_колледж_1,54.18605,37.6268699,улица Староникитская,Центральный район
1993153,ПивБанк,54.19719,37.5957099,Красноармейский проспект,Советский район
287144738392285,Demidova_Lashes,54.19736,37.59362,Красноармейский проспект,Советский район
9213025,Фрау_Марта,54.1819271805,37.6029206617,улица Первомайская,Советский район
418971645149244,Кофе_Культ_на_Красноармейском,54.19637,37.60386,Красноармейский проспект,Советский район
1613262528966092,Brow_bar_Be,54.19215,37.61799,улица Советская,Центральный район
508952742803524,Тульский_Пряник,54.2117805,37.6215581,улица Октябрьская,Зареченский район
145906129241197,Nail_LaB_ногтевая_студия,54.1865012704,37.6129496098,улица Пушкинская,Центральный район
1658679051066838,Синагога,54.19621,37.6069,Красноармейский проспект,Советский район
762566117259216,Фотостуди_Gallery_Тула,54.1851008,37.604436,улица Ф. Энгельса,Советский район
557783449,Богучаровские_бани,54.2,37.6167,улица Металлистов,Центральный район
20014623,кофейня_Де_Пари,54.1970307,37.6025009,Красноармейский проспект,Советский район
922280681252340,BARY_на_Красноармейском,54.19619,37.60488,Красноармейский проспект,Советский район
205917733521931,Ptizza_pasta_i_pizza,54.19824,37.61198,улица Советская,Центральный район
1012807326,Wedisson_свадебное_агентство,54.1910117421,37.6264679432,улица Советская,Центральный район
37443318,Bar_Book,54.1886044635,37.6126137144,проспект Ленина,Центральный район
498191029,Ресторан_Армения,54.19256256,37.61834585,улица Советская,Центральный район
1015799927,11_Hotel_Garden_Tula_Russia,54.1836415585,37.6084971428,проспект Ленина,Центральный район
192469004522356,Ресторан_Тургенев,54.19031274,37.61801972,Тургеневская улица,Центральный район
454903246,Экспериментория,54.1945582532,37.6329803467,улица Пролетарская,Пролетарский район
1030832996,Norma_Gym_Женский_фитнес_клуб_в_Туле_,54.19176,37.59539,улица Демонстрации,Советский район
1029900684,Bikeseller_ru_велосипеды_с_любовью,54.1759623633,37.6004505157,проспект Ленина,Центральный район
902715573211467,Школа_Кофе_Культ,54.17542,37.59886,проспект Ленина,Центральный район
847669544,Air_Lounge,54.19094,37.61907,Тургеневская улица,Центральный район
1004890399619681,BARY,54.19215,37.61799,улица Советская,Центральный район
1729460800653499,Студия_красоты_Шоколад,54.21532,37.61098,улица М Горького,Зареченский район
133744300526848,Blik,54.19059,37.62004,улица Советская,Центральный район
1976666625724496,Fusion,54.1903597101,37.612231475,Центральный переулок,Советский район
41237396,Гостинный_Двор,54.1919301494,37.6184833029,улица Советская,Центральный район
219952737,Tula_Arms_Plant,54.2005555556,37.6148333333,улица Советская,Центральный район
1641137952881229,DANCE_CITY_студия_хореографии_и_фитнеса,54.20947,37.61689,Демидовская улица,Зареченский район
1746028765490577,Rixos,54.19237,37.59968,улица Демонстрации,Советский район
270997615,Кинотеатр_Октябрь_,54.1972474685,37.6025341079,Красноармейский проспект,Советский район
14026900,Travelers_Coffee,54.1698844,37.5917871,проспект Ленина,Советский район
695381823945534,Туристическое_агентство_Бекар,54.19988,37.60143,улица Лейтейзена,Советский район
3520160,Шоколад,54.1897510063,37.6139792329,проспект Ленина,Центральный район
3582977,Ванильное_Небо,54.19379067,37.62145972,Менделеевская улица,Центральный район
1744297169171607,MR_CUP_на_Толстого,54.1836696,37.6065562,проспект Ленина,Советский район
469848248,1001_Ночь,54.19312,37.58809,улица Революции,Советский район
739196298,Цирк,54.1895587299,37.6254087801,улица Староникитская,Центральный район
782312638,Успенский_собор,54.194894,37.620199,Менделеевская улица,Центральный район
96730162,Ресторан_Клуб_мафия,54.1940531933,37.6137810874,улица Советская,Центральный район
176294519767271,Тула_улица_Демонстрации,54.19327846,37.60416095,улица Демонстрации,Советский район
132978044090227,Ресторан_Библиотека_в_Туле,54.17367,37.597,проспект Ленина,Центральный район
1155185807871568,Kafema,54.176148369,37.599568419,проспект Ленина,Центральный район
2224069307876374,Винотека_Vino_More,54.17857,37.60068,проспект Ленина,Советский район
348448789046328,Набережная,54.201965,37.615566,улица Октябрьская,Советский район
533488120194328,Дымоваръ_Lounge,54.19123,37.59561,улица Демонстрации,Советский район
890566055,The_Office_Nargilia_Тула,54.18757,37.6098799,улица Пушкинская,Советский район
168204560447781,Ногтевая_Студия_Diamond,54.19259,37.60334,улица Лейтейзена,Советский район
612487872263024,Фотостудия_Cherry_boom_тула,54.19408,37.61874,Менделеевская улица,Центральный район
776298535888662,Оригами_Суши_Тула,54.1744432384,37.6157918178,улица Михеева,Центральный район
38016876,Тульский_Музей_Оружия,54.1947308326,37.6201339408,Менделеевская улица,Центральный район
275426318,Тульский_Государственный_музей_Оружия,54.2038240345,37.6166499982,улица Октябрьская,Зареченский район
1024283605,Puzzle_Bar,54.1977005,37.6022797,Красноармейский проспект,Советский район
1628815744076643,Два_Пекаря,54.1966431,37.6098231,проспект Ленина,Советский район
763542733,Kremlin_in_Tula,54.2107208315,37.6041810817,улица Литейная,Зареченский район
222745835,Стейкхаус,54.1836076506,37.6072751427,улица Льва Толстого,Центральный район
189057208230888,Кофейный_дом_orus,54.18292072,37.60627417,проспект Ленина,Центральный район
629925347,Парадиз,54.1910807922,37.6159858704,проспект Ленина,Центральный район
842372570,Храм_Двенадцати_Апостолов,54.17814,37.62707,улица Оборонная,Центральный район
1464162370371253,BARY_на_Первомайской,54.18508,37.59493,улица Первомайская,Советский район
1032340535,Мужской_Клуб_Сахар,54.18314,37.5730999,улица Болдина,Советский район
500105122,Красноармейский_Проспект,54.1973595061,37.5968904272,Красноармейский проспект,Советский район
978359598929352,Г_Тула_Центральный_Парк_Культуры_И_Отдыха,54.2,37.6166666667,улица Металлистов,Центральный район
595300373939585,Тульский_государственный_театр_кукол,54.1918144667,37.61716148,Бухоновский переулок,Центральный район
819946504844677,Если_Не_Сегодня_А_Когда_,54.1888762,37.6121908,проспект Ленина,Советский район
47186157,Винный_Погреб,54.1933144956,37.6137249849,улица Советская,Центральный район
227811692,Респект,54.19929,37.61409,улица Советская,Центральный район
1018396017,Та_Самая,54.1991781829,37.6140654393,улица Советская,Центральный район
1022775284,Jumpin_Jive_Студия_джазового_танца_в_Туле,54.18627,37.6164,улица Жуковского,Центральный район
353025135040488,Веревочный_парк_Остров_сокровищ,54.17518,37.5985299,проспект Ленина,Центральный район
9854615,Лисья_Нора,54.1829483727,37.6014103708,улица Первомайская,Советский район
1249970688347234,Ул_Демонстрации_27,54.18963,37.5839,улица Демонстрации,Советский район
1704182066523371,Dservice,54.1753406817,37.5997638702,проспект Ленина,Центральный район
576293988,Кафейня_De_Пари,54.1972250911,37.602645686,Красноармейский проспект,Советский район
836814206485820,Салон_Красоты_Антураж,54.20371,37.64044,улица Пролетарская,Пролетарский район
697469181,Arsenal_Stadion,54.174167,37.603056,проспект Ленина,Центральный район
492524431137138,Радость_моя,54.2142,37.6078,улица Максима Горького,Зареченский район
421971314809799,Радость_моя,54.2142,37.6078,улица Максима Горького,Зареченский район
1743980162362509,Bary_iskra,54.19824,37.61198,улица Советская,Центральный район
205118510130994,Крестовоздвиженская_Площадь,54.195122141,37.6165411051,Благовещенский переулок,Центральный район
2233549630213827,Тульская_Набережная,54.1992412431,37.6157907195,улица Металлистов,Центральный район
267988920,Лицей_N4,54.19523,37.5871,улица Вересаева,Советский район
623448598,Sletat_ru_Tula,54.19674,37.60056,Красноармейский проспект,Советский район
284342375744291,хз_где_мы,54.1974299244,37.6117744,улица Советская,Центральный район
193885181007717,Детский_центр_Витамин_и_школа_танца_ВитаДэнс,54.20148,37.63888,улица Плеханова,Пролетарский район
502065095,Петр_Петрович,54.1841914923,37.5931266478,улица Первомайская,Советский район
508544376,Всехсвятское_Кладбище,54.18167084,37.61260821,улица Льва Толстого,Центральный район
502286603,Ресторан_Паблик,54.1921667333,37.5997265,улица Демонстрации,Советский район
381638948894827,Milk_Jagger_Coffee,54.191890552,37.6157176495,улица Советская,Центральный район
589955411352372,Чайная_Чайка,54.1976,37.61389,Благовещенская улица,Центральный район
512474591,Casa_Collection,54.17518,37.5985299,проспект Ленина,Центральный район
407064106411067,Студия_Союз,54.19564,37.61577,улица Союзная,Центральный район
202859680437999,Хулиганский_барбершоп_Интеллигент,54.19813,37.61532,Черниковский переулок,Центральный район
1035289171,Мерцен,54.21693,37.6225499,улица Октябрьская,Зареченский район
504381153,ТЦ_Таурус,54.20062,37.59923,улица Коминтерна,Советский район
352675921937921,ТОР_мужские_стрижки,54.19531,37.61053,Красноармейский проспект,Советский район
408961235,ДК_Железнодорожников_им_Ленина,54.1932854456,37.5870805762,улица Братьев Жабровых,Советский район
1654141968216149,Old_Boy_Bar,54.17542,37.59886,проспект Ленина,Центральный район
10068423,Советская_чебуречная,54.1933135586,37.6126244618,улица Ф. Энгельса,Советский район
475631755,На_Каминского,54.1894909,37.6106613,улица Каминского,Советский район
1477428325687727,Saldens_Taphouse,54.1911779,37.6186832,Тургеневская улица,Центральный район
214524410,San_Remo,54.1971234984,37.6027727604,Красноармейский проспект,Советский район
75964033,Хинкальная_У_Кремля,54.1958472455,37.6164983585,Благовещенский переулок,Центральный район
502792192,Diamond_Bar,54.18545101,37.612460135,Тургеневская улица,Центральный район
676644015852219,Мануфактория,54.193289,37.6363878,улица Пролетарская,Пролетарский район
665277193628352,Clever_Bar,54.19073,37.61163,улица Каминского,Советский район
303674787021707,Набережная_Упы,54.1968511546,37.6304179633,Пролетарская набережная,Пролетарский район
1430387990366431,Салон_Одежды_Сливки,54.171,37.60229,переулок Агеева,Центральный район
267397854,Кофейня_Шоколад,54.18972,37.61331,проспект Ленина,Центральный район
1412476032097528,Pink_Tattoo,54.17542,37.59886,проспект Ленина,Центральный район
449940268,Mama_Mia,54.1924430564,37.6106865161,улица Демонстрации,Советский район
336419283384659,Персона_Grata_Persona_Grata,54.19404,37.59054,улица Фрунзе,Советский район
411867242318222,Федерация_спортивной_акробатики_Тульской_области,54.1915453075,37.6134109497,Центральный переулок,Советский район
430556992,Ресторан_Сан_Ремо,54.19710463,37.6029049885,Красноармейский проспект,Советский район
500839796,Дом,54.193046565,37.587366965,улица Революции,Советский район
2191418951101767,Тульская_Набережная,54.1996926202,37.6158087247,улица Металлистов,Центральный район
404189633282578,Кафе_бар_Арбат_Wild,54.1872674,37.6265608,улица Староникитская,Центральный район
147404255971237,Football_Academy_Dmitry_Alenichev_in_Tula,54.2091679244,37.6012444496,улица Луначарского,Зареченский район
926288837,Вележево,54.19179117,37.61774063,Бухоновский переулок,Центральный район
1341767305889154,Салон_Красоты_Armano,54.21877,37.62662,улица Октябрьская,Зареченский район
420734565011518,Салон_красоты_БОССА_НОВА,54.17459,37.6155,улица Михеева,Центральный район
904339606377690,Студия_мастерская_WHITE,54.19617,37.60806,Красноармейский проспект,Советский район
195166757647604,Тцутюг_2_этаж_Euforia,54.192979329,37.6128213022,улица Ф. Энгельса,Советский район
673654421,Церковь_Николая_Чудотворца_Что_на_Ржавце,54.1957285094,37.6091349786,Красноармейский проспект,Советский район
863865998,Тульская_Чайная,54.1828183752,37.5912788855,улица Первомайская,Советский район
856208843,Кофе_Культ_на_Толстого,54.18079,37.62059,улица Буденного,Центральный район
568523981,Талисия_Центр_эстетической_медицины_Тула,54.19425,37.58767,улица Вересаева,Советский район
425588064502406,Кауля,54.1823099,37.6341183,Новомосковская улица,Центральный район
511006629,Профит_Отель,54.19052,37.62418,улица Советская,Центральный район
1026308330,Центр_звукотерапии_Олеси_Зайцевой,54.17874,37.6025599,проспект Ленина,Центральный район
1222759811079451,Хулиган_nomberone,54.17985,37.60384,проспект Ленина,Центральный район
501859614,Burger_King,54.1970920415,37.6034275615,Красноармейский проспект,Советский район
1127395010731373,Ногтевая_Студия_Diamond,54.19259,37.60334,улица Лейтейзена,Советский район
405636948,Тула_Ул_Ложевая_123,54.2029537,37.6418253,улица Ложевая,Пролетарский район
108509469860857,Завод_Октава_,54.19073,37.61163,улица Каминского,Советский район
500756605,Ряжский_вокзал,54.20888,37.62658,улица Ряжская,Зареченский район
548464799,ДК_Ж,54.19128,37.58251,улица Демонстрации,Привокзальный район
926203770,Frau_Marta_Bierhaus,54.18927818,37.61015033,улица Ф. Энгельса,Советский район
1104086499635087,Vintage,54.17542,37.59886,проспект Ленина,Центральный район
1019675256,Фитнес_центр_Гоголь,54.1859016,37.6079292,Гоголевская улица,Советский район
874431314,Свято_Успенский_Кафедральный_Собор,54.19321532,37.61843956,Менделеевская улица,Центральный район
719281868434371,Mama_Mia,54.197315064,37.5956695807,Красноармейский проспект,Советский район
219224631,Гимназия_2,54.1948757846,37.5973457098,улица Братьев Жабровых,Советский район
1284218084933574,Кофейня_38,54.1979098972,37.5963950157,Красноармейский проспект,Советский район
419023485282045,Lil_Pil,54.1984119928,37.6126170158,улица Советская,Центральный район
220065579,Кафе_Город_На_Красноармеском_Проспекте_Г_Тула,54.1965119329,37.6076956671,Красноармейский проспект,Советский район
1850405441645594,Пальчики,54.19257,37.61471,улица Советская,Советский район
965419286,Фрау_Марта,54.18184,37.60359,улица Первомайская,Советский район
1035232814,Берёзкино_Коттеджный_посёлок,54.2,37.6167,улица Металлистов,Центральный район
414064532,Тульский_Академический_Драматический_Театр,54.1885336116,37.6080560033,улица Пушкинская,Советский район
326474044479881,Espresso_Bar_Kaffeine,54.19075,37.61952,улица Советская,Центральный район
345474702596349,MR_CUP_на_Толстого,54.1835981,37.6067455,проспект Ленина,Центральный район
1791700084377235,Мастерская_Юлии_Высоцкой,54.20444,37.63984,улица Пролетарская,Пролетарский район
1029122001,Фотостудия_Record_в_Туле_ул_Кауля_д_20,54.178901453,37.6313894364,улица Кауля,Центральный район
512940055723548,Nice_Room_Студия_Ногтевого_Сервиса,54.18381,37.60777,проспект Ленина,Центральный район
223656381430144,Бьюти_Студия_пуdра,54.18938,37.6275,улица Пионерская,Центральный район
227884391,Демонстрации_1А,54.19290845,37.61133655,улица Демонстрации,Советский район
1711367869131631,Осинова_Гора,54.1744579001,37.6577297,1-й Восточный проезд,None
4227866,Прокофий,54.1951399741,37.6119477291,улица Советская,Центральный район
227032074,Fresh_Bar,54.1937891026,37.6127039197,улица Советская,Центральный район
1868820146572254,Vino_Domino,54.198343,37.612561,улица Советская,Центральный район
436994247,Discovery_Store,54.1792276083,37.6014375687,проспект Ленина,Советский район
445000492,The_Office_Nargilia_Lounge,54.19039888,37.61710645,Бухоновский переулок,Центральный район
42884140,Арбитражный_Суд_Тульской_Области,54.1962664636,37.6070217256,Красноармейский проспект,Советский район
502837614,Больница_Ваныкина,54.18199005,37.59783481,улица Первомайская,Советский район
1029405880491778,Гостиница_Европа,54.1814997575,37.5733043051,улица Болдина,Советский район
487122401666396,Цветочный_Маркет_24_в_Туле,54.1811866315,37.6053106785,проспект Ленина,Центральный район
827251808,Всехсвятский_Кафедральный_Собор,54.18072,37.6126,улица Льва Толстого,Центральный район
214297180,Mcdonalds_Tula,54.191862191,37.617748886,улица Советская,Центральный район
608882342,Своя_Йога,54.19813,37.6153199,Черниковский переулок,Центральный район
924201356,Marafet_market,54.19953,37.587,улица Сойфера,Советский район
617422162,Корней_Иванович_Детские_книги_в_Туле,54.1847653767,37.596180439,улица Первомайская,Советский район
747427846,Сударь,54.206174095,37.61630126,Демидовская улица,Зареченский район
1029680581,МБОУ_Гимназия_2,54.19387,37.59775,улица Революции,Советский район
218103567,Бар_Советский_Спорт,54.1837329069,37.6075024273,улица Льва Толстого,Центральный район
621118460,Концертный_Зал,54.1858444531,37.6095161595,проспект Ленина,Центральный район
308804492854758,Magic_white,54.17542,37.59886,проспект Ленина,Центральный район
1758592501027959,GRP_Group,54.17542,37.59886,проспект Ленина,Центральный район
734439353378794,Hair_Garden,54.17949,37.60168,проспект Ленина,Советский район
892833845,Новостройки_Тулы,54.2,37.6167,улица Металлистов,Центральный район
231950700213169,Черноголовка,54.2195066907,37.6293816419,улица Максимовского,Зареченский район
4745533,Comedy_Cafe,54.1995638785,37.6365543573,улица Пролетарская,Пролетарский район
450206232,restourant_brewery_Пётр_Петрович_Petr_Petrovich_,54.1848830958,37.593457256,улица Первомайская,Советский район
582994641,Верхний_Еруслан,54.20032,37.6028357,улица Коминтерна,Советский район
471413621,Ресторан_Библиотека_Тула,54.175098831,37.5955234707,проспект Ленина,Советский район
987545954689760,Polaris_Lux,54.19588,37.60216,улица Лейтейзена,Советский район
498327774,Музей_Тульского_Пряника,54.211776231,37.6216596229,улица Октябрьская,Зареченский район
1926513360692058,Другое_Дело_ПАБ,54.19273,37.61415,улица Советская,Советский район
514485352,Музей_Тульские_Самовары,54.19434,37.61904,Менделеевская улица,Центральный район
493540747,Ул_пирогова,54.18928529,37.62129301,улица Пирогова,Центральный район
1246984292023232,Недвижимость_Новостройки_Квартиры_Тренинг_и_обучение_риэлторов_Тула,54.1941063254,37.6201486588,Менделеевская улица,Центральный район
115739329149233,Студия_Красоты_Lbeauty_г_Тула_Ул_Октябрьская_20_2_этаж_оф_6,54.20710597,37.619201765,улица Октябрьская,Зареченский район
517194931,Музейно_Выставочный_центр_Тульские_Древности,54.18641,37.61062,проспект Ленина,Центральный район
580792116,Клаустрофобия_Тула,55.7668180496,37.6327275079,Сретенский бульвар,Красносельский район
339333659840056,Студия_Татуировки_Забей,54.21704,37.62071,Демидовская улица,Зареченский район
609669367,StakeHouse_59,54.18319,37.60774,проспект Ленина,Центральный район
144909702982446,Кофейня_Куба_тула,54.1989042365,37.5954206718,улица Сойфера,Советский район
116346198918908,Суши_бар_Самурай_,54.19761,37.60264,Красноармейский проспект,Советский район
152104558689988,Студия_макияжа_и_прически_Натальи_Дмитриевой,54.18672,37.61259,улица Пушкинская,Центральный район
508935811,Myata_Club_Cafe,54.1912282467,37.6134643067,улица Каминского,Советский район
1292194034212062,Муркафе_Кошки_в_окошке,54.1890392,37.612772,улица Каминского,Центральный район
1050027211740468,Мужской_зал,54.1858482,37.6092288,проспект Ленина,Центральный район
1298970450246061,Ресторан_Армения_,54.1921604684,37.6178097725,улица Советская,Центральный район
1100481683328252,Mamma_Mia,54.19266,37.61019,улица Демонстрации,Советский район
581126822,Багратион_Холл,54.2131446,37.6035965,Арсенальная улица,Зареченский район
388266894859670,ТурагентствоАэропорт,54.19736,37.59362,Красноармейский проспект,Советский район
1817449971830200,Hookah_Daddy,54.17542,37.59886,проспект Ленина,Центральный район
834374370059132,Магазин_Женской_Одежды_Дежа_Вю,54.19405,37.60982,улица Революции,Советский район
1031166349,Beauty_Bar_trend_Cut_Студия_Дмитрия_Чухрова,54.19548,37.60763,улица Ленина,Советский район
1614619141891382,Мята_Lounge_Тула,54.1887667,37.6124755,проспект Ленина,Центральный район
424261393,Тульский_Государственный_Академический_театр_Драмы_им_М_Горького,54.1891395,37.6110266,улица Каминского,Советский район
731210291,Галкина,54.2083194826,37.6238792762,улица Галкина,Зареченский район
567371188,Ресторан_Метрополь,54.18624,37.6094,проспект Ленина,Советский район
1864647887111497,Make_Up_Studio_by_Romanova_Anna,54.17267,37.59612,проспект Ленина,Центральный район
965342072,Советский_спорт,54.18381,37.60777,проспект Ленина,Центральный район
1023455220,Boulangerie_Paris,54.19127,37.6162599,проспект Ленина,Центральный район
498642156,Spa_Технология_Красоты,54.1760501485,37.596601682,проспект Ленина,Советский район
1025085711,Dream_Bar,54.19616,37.60775,Красноармейский проспект,Советский район
741779680,Тула_ул_болдина,54.1855765181,37.6225487329,улица Колетвинова,Центральный район
1803842962971160,Мужской_Зал,54.1859533,37.6093304,проспект Ленина,Центральный район
827560777376630,Кофейня_38,54.19792,37.59641,Красноармейский проспект,Советский район
197925897800292,Крыша_мира,54.192765,37.611095,улица Демонстрации,Советский район
691472365,Орёл,54.1990514,37.5837425,улица Федора Смирнова,Привокзальный район
458825734464024,Центр_услуг_для_собак_i_Dog,54.17876,37.60439,улица Мориса Тореза,Центральный район
603186070084151,Синема_Парк_IMAX,54.1933914018,37.6362595812,улица Пролетарская,Пролетарский район
2135731076440646,Два_пекаря,54.19662,37.60937,Красноармейский проспект,Советский район
641689402870788,Тульская_Набережная,54.1952424124,37.6230883598,улица Дзержинского,Центральный район
1019360061,Тула,54.1912538,37.5827716,улица Демонстрации,Привокзальный район
969342077,Mama_Mia,54.1973067174,37.5957183085,Красноармейский проспект,Советский район
182246908849515,Tardis_like_салон_или_Что_То_вроде,54.17542,37.59886,проспект Ленина,Центральный район
1031997297,Призывник,54.1855,37.61238,Тургеневская улица,Центральный район
31621957,Синема_Стар,54.199370891,37.6368448978,улица Пролетарская,Пролетарский район
780645201,Г_тула_КСК_Макларен,54.19424725,37.61574583,проспект Ленина,Центральный район
749342130,Улица_Луначарского,54.2082,37.604821,улица Луначарского,Зареченский район
1144887505555081,Хинкальная_Genatsvale,54.19619,37.60488,Красноармейский проспект,Советский район
1736368063325789,Велигож,54.19408,37.61874,Менделеевская улица,Центральный район
506389054,Металлистов_Ул_,54.1988259607,37.6162891802,улица Металлистов,Центральный район
547690915402643,Полонез,54.21187,37.62128,улица Октябрьская,Зареченский район
2123834887946466,Angel_8,54.176,37.59942,проспект Ленина,Центральный район
728915130630528,Светоч_Тула,54.19244,37.60898,улица Демонстрации,Советский район
967228432,Бутик_АМЕЛИ,54.19297,37.60731,улица Демонстрации,Советский район
500152514,Детский_мир,54.19788,37.58049,улица Путейская,Привокзальный район
235221523838802,Тульский_городской_концертный_зал,54.2006009966,37.612881057,улица Советская,Советский район
344286366088720,Жемчужина_Тула,54.19648,37.58994,улица Фрунзе,Советский район
508448127,Тульский_гос_театр_Кукол,54.1925747928,37.6170420848,улица Советская,Центральный район
597178468,Детский_сад_61,54.21905,37.63069,улица Максимовского,Зареченский район
774853414,Тула_Хлебная_Площадь_7,54.1855554962,37.6217663427,площадь Хлебная,Центральный район
1032962051,Сеть_Кафе_Ресторанов_Ханой_Тула,54.21345,37.62227,улица Октябрьская,Зареченский район
2005842789697745,Салон_Одежды_Сливки,54.19273,37.61415,улица Советская,Советский район
382626622176994,Успенский_Кафедральный_Собор_Г_Тула,54.1934599,37.6185361,Менделеевская улица,Центральный район
453526321509566,Tula_Teens,54.16903,37.59882,улица Циолковского,Центральный район
498356247,Тульская_областная_универсальная_научная_библиотека,54.1854351,37.6124849,Тургеневская улица,Центральный район
415340433,Арсенал,54.17107,37.6042,улица Горняцкая,Центральный район
402127026879135,Genatsvale_Georgia,54.19619,37.60488,Красноармейский проспект,Советский район
1009991603,Асми_Индия_Магазин_индийских_товаров_в_Туле,54.17418,37.59511,проспект Ленина,Советский район
1832017573729843,Brow_Service_Center,54.18842,37.613,проспект Ленина,Центральный район
2278343819068292,Детский_Центр_Jumanji,54.19215,37.61799,улица Советская,Центральный район
1793818827299662,Barbershop_Бородач_Тула,54.19799,37.59328,Красноармейский проспект,Советский район
409514219,Центральный_Парк,54.1825410418,37.5838066787,Первомайская улица,Советский район
225975703,Вавилон_Тула,54.1968521003,37.6039282221,Красноармейский проспект,Советский район
144261002771380,Тула_улица_Кирова_19г,54.1959487552,37.642439946,улица К. Маркса,Пролетарский район
965564593,Иверия,54.1895984,37.6101012,улица Ф. Энгельса,Советский район
587475767,Tula_Kreml,54.1948742196,37.6207256813,Менделеевская улица,Центральный район
690766809,Пролетарский_Мост,54.2023564484,37.616770304,улица Октябрьская,Центральный район
1473596739353675,Алые_Берега,54.18842,37.613,проспект Ленина,Центральный район
672355441,Государственный_музей_оружия,54.19254,37.6165,проспект Ленина,Центральный район
1016371442,Та_Самая,54.18624,37.5991799,улица Бундурина,Советский район
571497339,Спа_Центр_Технология_Красоты,54.1760151183,37.5972721235,проспект Ленина,Советский район
140411316612222,Кафе_Зерна,54.1901,37.61373,проспект Ленина,Центральный район
1768511156721639,Рекорд_спорт_центр,54.1728948355,37.5875028415,улица Оружейная,Советский район
711398552528345,Интим_Магазин_Интим71,54.183472,37.599825,улица Свободы,Советский район
16403443,Типография_Борус,54.1983933345,37.6092327301,улица Сойфера,Советский район
516147785,Рождественский,54.187181405,37.592709275,улица Фрунзе,Советский район
246582645809289,Английский_для_детей_BEBIGGER_Тула,54.18842,37.613,проспект Ленина,Центральный район
1180936055376529,ZEUS_hookah_TULA,54.1897876544,37.6133948565,проспект Ленина,Центральный район
1392555520757781,Зоосалон_Модная_Собачка_Тула,54.19821,37.58157,улица Путейская,Привокзальный район
413460030,Казанова,54.19761,37.60264,Красноармейский проспект,Советский район
619441998,Nicholas_Zaretsky_Church,54.2048055556,37.6165833333,Оружейный переулок,Зареченский район
506777341,Комус,54.1867005501,37.6207985799,улица Хлебная Площ.,Центральный район
1023465840,Фотостудия_Record_в_Туле,54.17879,37.63089,улица Кауля,Центральный район
533929205,Дом_музей_В_В_Вересаева,54.18876,37.60149,Гоголевская улица,Советский район
628864565,имени_Михеева,54.1741363,37.6155991,None,Центральный район
446086181,Тайм_Аут,54.1903527639,37.6145553939,проспект Ленина,Центральный район
227481390964385,Гостиница_София,54.18916,37.6112899,улица Каминского,Советский район
771805736288018,Турист_Клуб,54.1934605,37.6134587,улица Советская,Центральный район
1070465159726149,Ресторан_Компания,54.2095798,37.6205506,улица Октябрьская,Зареченский район
504823502,ТЦ_Интерсити,54.1977762667,37.5811674,улица Путейская,Привокзальный район
316492635375978,Хвощ,54.18342,37.6057,проспект Ленина,Советский район
887524824724305,Гриль_Бар_DROVA,54.19994,37.63624,улица Пролетарская,Пролетарский район
619635724885198,Турагентство_Аэропорт,54.19736,37.59362,Красноармейский проспект,Советский район
721581374662289,Фо_Бо_вьетнамская_кухня,54.1901,37.61468,проспект Ленина,Центральный район
129734464296021,Раковарня_Клешня,54.17542,37.59886,проспект Ленина,Центральный район
1897858963811109,Sindikat_Smoki,54.194335535,37.613775667,улица Революции,Центральный район
570646206,Comedy_Cafe_Тула,54.19994607,37.636385345,улица Пролетарская,Пролетарский район
141502316435896,Салон_Самоцветы_Натальи_Степуниной,54.19244,37.60898,улица Демонстрации,Советский район
323493644702857,Calipso_Dance_Centre,54.17542,37.59886,проспект Ленина,Центральный район
1022664277,Море_Суши,54.1992989,37.6390495,улица Чапаева,Пролетарский район
990825357753410,Этажи_Тула,54.19059,37.62004,улица Советская,Центральный район
1035102215,Фотошкола_Библиотека,54.20947,37.61689,Демидовская улица,Зареченский район
328277080862880,1000_цветов_Тула,54.19588,37.60216,улица Лейтейзена,Советский район
708304579549599,ул_Металлистов_6,54.197455,37.617379,улица Металлистов,Центральный район
638038533,Автовокзал,54.20010578,37.60349386,улица Коминтерна,Советский район
72828674,Центр_Стоматологии,54.1937370628,37.604278953,улица Революции,Советский район
508707566,Клиника_Врачебной_Косметологии_Комаровой_В_Н_,54.17874,37.6025599,проспект Ленина,Центральный район
132357183472356,ТГТК,54.1961,37.58769,улица Вересаева,Советский район
1116845331762061,Эталон_Тур_Тула,54.2027109361,37.6433336735,улица Ложевая,Пролетарский район
500455144,Ресторан_Ханой_Тула_Россия,54.21345,37.62227,улица Октябрьская,Зареченский район
487058637,Дубрава,54.18433,37.60127,улица Свободы,Советский район
2026637470890772,МБОУ_Центр_образования_22_Лицей_искусств,54.2015499517,37.6436340809,улица Ложевая,Пролетарский район
248796872223188,Модельное_агентство_Linda,54.19685,37.59454,Красноармейский проспект,Советский район
1015011693,Музей_Не_Игрушки_Not_Toys_Museum,54.1895294,37.6141014,проспект Ленина,Центральный район
1032346475,Фитнес_Будущего,54.19404,37.59054,улица Фрунзе,Советский район
407329953021289,Киносити,54.19215,37.61799,улица Советская,Центральный район
452211118,Офис_ЦСКО_Сбербанк_России,54.2006,37.59428,улица Коминтерна,Советский район
492448160951272,Чёрный_Квадрат,54.18943,37.60672,улица Свободы,Советский район
965460228,12_Ключей_Тульская_Область,54.2,37.6166666667,улица Металлистов,Центральный район
121217958500889,Lamorehometula,54.19559,37.6134,улица Советская,Центральный район
410489997,Hookahplacetula,54.19094,37.62186,улица Советская,Центральный район
429977744,ДКЖ,54.1859703,37.5931235,улица Первомайская,Советский район
739539481,СтройКровля,54.17542,37.59886,проспект Ленина,Центральный район
1015659415,Библиотека,54.17367,37.597,проспект Ленина,Центральный район
76090801,Администрация_Тульской_Области,54.1940631701,37.6161869725,проспект Ленина,Центральный район
953319444,Moре_суши_Тула,54.1993220254,37.6391923428,улица Чапаева,Пролетарский район
590282104,Tui_Тула,54.17985,37.60384,проспект Ленина,Центральный район
1022091843,Суши_Хаус,54.1974716,37.6029205,Красноармейский проспект,Советский район
613387798,The_Trump,54.18352821,37.57137891,улица Радищева,Советский район
1741325009484028,АртИзба,54.1761507498,37.5996780396,проспект Ленина,Центральный район
111477622914305,Барвиха_Лаунж_Тула,54.17518,37.5985299,проспект Ленина,Центральный район
324056907935925,Фотошкола_Библиотека_в_Туле,54.2093687086,37.6169192791,Демидовская улица,Зареченский район
1061187487236117,Респект,54.18461,37.60763,проспект Ленина,Советский район
166809533948442,РК_Славянский,54.1856,37.62727,улица Староникитская,Центральный район
112694329413386,Студия_маникюра_MaryNail,54.19626,37.59525,улица Халтурина,Советский район
1891680804261186,Кафе_Сова,54.1968766518,37.6040884637,Красноармейский проспект,Советский район
120755995146192,НУЗ_Отделенческая_больница_на_ст_Тула_ОАО_РЖД_,54.1952989021,37.5828337669,улица Дмитрия Ульянова,Привокзальный район
567570339,Шанти_Индийский_салон_красоты,54.18526,37.61096,Гоголевская улица,Центральный район
1191290064301128,Областная_организация_ОГО_ВФСО_Динамо,54.17836,37.59933,улица Жаворонкова,Советский район
1777535039138000,Мастерская_Юлии_Высоцкой,54.20444,37.63984,улица Пролетарская,Пролетарский район
512273175,Детская_поликлиника_2,54.19928,37.6028,улица Лейтейзена,Советский район
1029928623,Премьер_Тула,54.19872,37.61078,улица Советская,Советский район
508572260,2_й_Западный,54.18715,37.61674,улица Каминского,Центральный район
1032537220,Барсуки,54.21302835,37.62840634,улица Галкина,Зареченский район
113384422660574,Елена_Шугаринг_Тула,54.20707,37.61907,улица Октябрьская,Зареченский район
1014293406,Мастерская_галерея_Волшебный_чемоданчик,54.2,37.6167,улица Металлистов,Центральный район
628481167,Тула_отель_Император,54.21276658,37.6261945532,улица Галкина,Зареченский район
465906640436790,Революции_17,54.19405,37.60982,улица Революции,Советский район
517043588,Женская_консультация,54.19006,37.60405,улица Пушкинская,Советский район
414832378695716,AROME,54.18842,37.613,проспект Ленина,Центральный район
683498447,Мчс_Тульская_Область,54.19031,37.586,улица Демонстрации,Советский район
1020036160,г_Тула_Тульская_обл_Краеведческий_музей,54.1911774,37.6186829,Тургеневская улица,Центральный район
711877464,Arsenalstadion,54.1745833333,37.6027222222,проспект Ленина,Центральный район
1773164622997223,Самурай,54.19761,37.60264,Красноармейский проспект,Советский район
569052240,Armenia_Hotel_Tula,54.192642544,37.618483945,Менделеевская улица,Центральный район
282396780,К_Раута,54.171559215,37.59899423,улица Академика Обручева,Центральный район
924372747689304,Максима_Горького_1,54.2,37.6166666667,улица Металлистов,Центральный район
741015949334453,Тула_Красный_Перекоп,54.1731501729,37.6208108973,Перекопская улица,Центральный район
524956314,Багратион,54.18401315,37.60583644,улица Льва Толстого,Советский район
35344309,Гостиница_София,54.18916,37.6112899,улица Каминского,Советский район
785829058,Фитнес_Экспресс,54.19135,37.61319,улица Каминского,Советский район
285272164,Памятник_Левше,54.20064,37.61486,улица Советская,Центральный район
1026454400,Саватди_Спа,54.19435,37.61383,улица Революции,Центральный район
464001450625289,Eco_Store,54.1978973448,37.5920820236,Красноармейский проспект,Советский район
482689565,Альфа_Банк,54.1976,37.58861,Красноармейский проспект,Советский район
410301230,г_Тула,54.1741432167,37.5913075167,улица Ф. Энгельса,Советский район
178251805935057,Luxio_Tula,54.1743,37.59601,проспект Ленина,Советский район
199473903796901,САЛОН_Красоты_ПАРИЖ,54.18663,37.62351,улица Оборонная,Центральный район
1015870983,Тульский_областной_медицинский_колледж,54.1924591,37.5970001,улица Халтурина,Советский район
700737981,Центр_Стоматологии,54.19379,37.60315,улица Лейтейзена,Советский район
498315610,Новый_ЖК_Петровский_квартал_в_г_Туле,54.2,37.6167,улица Металлистов,Центральный район
457336504796726,Vеранда_I_Garden_Street_Food,54.1919,37.60136,улица Лейтейзена,Советский район
553534024851813,Underground,54.19207,37.61585,проспект Ленина,Центральный район
152881188216808,Tula,54.2,37.6166666667,улица Металлистов,Центральный район
575479998,Дк_Делезнодорожник,54.19132618,37.58386621,улица Дмитрия Ульянова,Советский район
1133130800117077,Стоматология_СмайлСпа_в_Туле,54.1906664903,37.5824797153,улица Демонстрации,Привокзальный район
1148900091884678,Шумoff_Тула,54.1982360078,37.6391610469,улица Епифанская,Пролетарский район
659557938,Тульские_новости,54.18381,37.60777,проспект Ленина,Центральный район
1027313860,Выставочный_зал,54.19794,37.60066,Красноармейский проспект,Советский район
798990344,Эс_Класс_Клиник_Тула,54.19836,37.63666,улица Епифанская,Пролетарский район
1812795079044458,Студия_Оксаны_Невзоровой,54.19608,37.613,улица Союзная,Центральный район
942249989306453,Пиццерия_Престо_Якито_Суши,54.193108,37.638786,Пролетарская набережная,Пролетарский район
1026178451,Пункт_выдачи_заказов_на_Каминского_21,54.1884,37.61338,улица Каминского,Центральный район
440322657,Тула,54.19262,37.62177,Менделеевская улица,Центральный район
1026357375,Buktour,54.19414,37.61376,улица Советская,Центральный район
1619638254770527,Самобыт,54.1759894961,37.5992360352,проспект Ленина,Центральный район
1014993448,Историко_мемориальный_музей_Демидовых,54.20507,37.61568,Демидовская улица,Зареченский район
638892190,Триумфальная_Арка,54.188661113,37.583226683,1-й Парковый проезд,Советский район
489491816,Карамболь_Боулинг,54.1904539019,37.6123805057,Центральный переулок,Советский район
423631082,Музей_Самоваров_Тула,54.1938761252,37.6185401155,Менделеевская улица,Центральный район
1705585659755415,Паб_3_Сестры,54.1932027194,37.6125039864,улица Ф. Энгельса,Советский район
576947103,Музей_Тульские_Древности,54.18641,37.61062,проспект Ленина,Центральный район
746841159,Ротонда_на_Набережной_Упы,54.20025,37.61215,улица Советская,Советский район
582680911,Кино_Сити,54.19193629,37.61808202,улица Советская,Центральный район
269365389,Чили_бар_Премьер_,54.1769041258,37.5942112821,улица Ф. Энгельса,Советский район
1425278557491169,Академия_Красоты_Эйфория,54.19275,37.6122,улица Демонстрации,Советский район
1018930183,Агентство_Путешествий_Sun_dali,54.1466331,37.5822372,проспект Ленина,Привокзальный район
992374702,Beauty_CLUB,54.2,37.6167,улица Металлистов,Центральный район
512089339,Тула_Ташир,54.2181651,37.6239359,улица Пузакова,Зареченский район
164106360993644,Vanillanails_Studio,54.18842,37.613,проспект Ленина,Центральный район
500235763,Венев_Монастырь,54.1834966,37.5715821,улица Радищева,Советский район
339231326832073,Глобус_Тула,54.186301,37.592828,улица Фрунзе,Советский район
863027397210294,Бутик_Галерея,54.19244,37.60898,улица Демонстрации,Советский район
217123914,общежитие_тулгу_6_1,54.1738977,37.58915349,улица Ф. Энгельса,Советский район
8128299,Ресторанный_Дом_Флер,54.1788508699,37.5983353958,улица Жаворонкова,Советский район
5777711,Mesto,54.1834772642,37.6061869666,проспект Ленина,Советский район
37443318,Bar_Book,54.1886044635,37.6126137144,проспект Ленина,Центральный район
14026900,Travelers_Coffee,54.1698844,37.5917871,проспект Ленина,Советский район
445000492,The_Office_Nargilia_Lounge,54.19039888,37.61710645,Бухоновский переулок,Центральный район
646886626,Smilespa,54.19078785,37.5824154,улица Демонстрации,Привокзальный район
508935811,Myata_Club_Cafe,54.1912282467,37.6134643067,улица Каминского,Советский район
269365389,Чили_бар_Премьер_,54.1769041258,37.5942112821,улица Ф. Энгельса,Советский район
